student_email,score
maithilimajage@gmail.com,35
khandagaletanvi585@gmail.com,38
sanskrutilalage2511@gmail.com,32
truptic1234567@gmail.com,36
pallavidavane.mail@gmail.com,37
patilshruti5625@gmail.com,34
rushikeshgomsale438@gmail.com,39
ghukkeri835@gmail.com,33
ersawalwade@gmail.com,35
gksutar1129@gmail.com,38
atharvkondekar96@gmail.com,40
harshvardhangurav2005@gmail.com,36
tejshreekarande23@gmail.com,37
priyankaingale52@gmail.com,35
kunalpatil002727@gmail.com,38
sahilbmore2006@gmail.com,34
rohitshrikhande678@gmail.com,36
sourabhy4441@gmail.com,37
