Event,Team Name,Role,Name,Email
REBUILD : The Simulation,Code Commandos,Team Leader,Maithili Majage,maithilimajage@gmail.com
REBUILD : The Simulation,Code Commandos,Member,Tanvi kandagle,khandagaletanvi585@gmail.com
REBUILD : The Simulation,Code Commandos,Member,sanskruti lalage,sanskrutilalage2511@gmail.com
REBUILD : The Simulation,Code Commandos,Member,Trupti chavan,truptic1234567@gmail.com
REBUILD : The Simulation,SGM Logic Legends,Team Leader,Pallavi Vijay Dawane,pallavidavane.mail@gmail.com
REBUILD : The Simulation,SGM Logic Legends,Member,Shruti Dashrath Patil,patilshruti5625@gmail.com
REBUILD : The Simulation,SGM Logic Legends,Member,Rushikesh Balaji Gomsale,rushikeshgomsale438@gmail.com
REBUILD : The Simulation,CodeCrafters,Team Leader,Gayatri Ramling Hukkeri,ghukkeri835@gmail.com
REBUILD : The Simulation,CodeCrafters,Member,Eshita Rahul Sawalwade,ersawalwade@gmail.com
REBUILD : The Simulation,CodeCrafters,Member,Gayatri Kiran Sutar,gksutar1129@gmail.com
REBUILD : The Simulation,Pitch Masters,Team Leader,Atharv Nitin Kondekar,atharvkondekar96@gmail.com
REBUILD : The Simulation,Pitch Masters,Member,Harshvardhan Santosh Gurav,harshvardhangurav2005@gmail.com
REBUILD : The Simulation,Pitch Masters,Member,Tejshree Ramesh Karande,tejshreekarande23@gmail.com
REBUILD : The Simulation,Pitch Masters,Member,Priyanka Balaso Ingale,priyankaingale52@gmail.com
REBUILD : The Simulation,Fearless,Team Leader,KUNAL RAJARAM PATIL,kunalpatil002727@gmail.com
REBUILD : The Simulation,Fearless,Member,SAHIL BHAGWAN MORE,sahilbmore2006@gmail.com
REBUILD : The Simulation,Fearless,Member,ROHIT SANTOSH SHRIKHANDE,rohitshrikhande678@gmail.com
REBUILD : The Simulation,Fearless,Member,SOURABH VISHNU YADAV,sourabhy4441@gmail.com
